<?xml version="1.0" encoding="UTF-8"?>
<!DOCTYPE mapper 
   PUBLIC "-//mybatis.org//DTD Mapper 3.0/EN"
   "http://mybatis.org/dtd/mybatis-3-mapper.dtd">

<!-- 
작성자 : 최창선
작성일 : 2026-01-13
용도 : 회원관련 sql 모음 
-->

<mapper namespace="com.mycom.euum.member.mapper.MemberMapper">
	
	<!-- 로그인 확인 쿼리... -->
	<select id="checkLogin" resultType="com.mycom.euum.member.bean.MemberBean">
		select * from member_tbl 
		where member_email=#{memberEmail} 
		and member_password=#{memberPassword}
		and member_grade != '0'
	</select>
		

	<!-- 이메일 중복검사용 쿼리 -->
	<select id="selectByEmail" resultType="int">
		select count(1) 
		from member_tbl 
		where MEMBER_EMAIL = #{memberEmail}	
		and member_grade != '0'
	</select>
	
	<!-- 연락처 중복검사용 쿼리 -->
	<select id="selectByMobile" resultType="int">
		select count(1) 
		from member_tbl 
		where member_mobile = #{memberMobile} 
		and member_grade != '0'
	</select>
	
	
	<!-- 회원 가입시 INSERT 쿼리 -->
	<insert id="insertMember">
		insert into member_tbl(member_num, member_name, member_email, member_password, 
			member_mobile, member_class, member_grade, member_point, member_zipcode, member_address,
			member_detail_address, member_reg_date, member_modify_date)
		values(member_num_seq.nextval, #{memberName}, #{memberEmail}, #{memberPassword}, 
			#{memberMobile}, 'M', '1', '0', #{memberZipcode}, #{memberAddress}, 
			#{memberDetailAddress}, sysdate, sysdate)
	</insert>
	
	
	<!-- 계정 찾기 쿼리... -->
	<select id="findAccount" resultType="com.mycom.euum.member.bean.MemberBean">
	select * from member_tbl
	where member_mobile=#{memberMobile}
	and member_name=#{memberName}
	and member_grade != '0'

	<if test="memberEmail != null and memberEmail != ''">
		and member_email = #{memberEmail}
	</if>
	</select>
	
	<!-- 비밀번호 찾기 쿼리 -->
	<update id="updatePassword">
		update member_tbl 
		set member_password=#{memberPassword} 
		where member_email=#{memberEmail}
	</update>
	
	<!-- 회원 1명 공통정보 조회하는 쿼리 -->
	<select id="getMember" resultType="com.mycom.euum.member.bean.MemberBean">
		select * from member_tbl where member_num=#{memberNum}
	</select>	
	
	
	<!-- 회원공통 정보 수정 쿼리 -->
	<update id="updateMember">
		update member_tbl
		set member_name=#{memberName}, 
		member_zipcode=#{memberZipcode},
		member_address=#{memberAddress}, 
		member_detail_address=#{memberDetailAddress}, 
		member_modify_date=sysdate
		where member_num=#{memberNum}
	</update>
	
	<!-- 휴대폰번호 수정 쿼리 -->
	<update id="updateMobile">
		update member_tbl
		set member_mobile=#{memberMobile}
		where member_num=#{memberNum}
	</update>
	
	<!-- member_class 변경 쿼리... 전문가 전환 -->
	<update id="updateMemberClass">
		update member_tbl 
		set member_class='S'
		where member_num=#{memberNum}
	</update>
	
	<!-- 전문가 전환시 레코드 삽입 -->
	<insert id="insertSeller">
	<selectKey keyProperty="sellerNum" order="BEFORE" resultType="int">
	select seller_num_seq.nextval from dual
	</selectKey>
		insert into 
		seller_tbl(seller_num, member_num, seller_buisness_yn, seller_image)
		values(#{sellerNum}, #{memberNum}, 'Y', 'image.png')
	</insert>
	
	<!-- 셀러정보 가져오기... -->
	<select id="getSeller" resultType="com.mycom.euum.member.bean.SellerBean">
		select * 
		from seller_tbl 
		where member_num=#{memberNum}
	</select>
	
	
	
	<!-- 전문가 정보 수정 (프로필 이미지 제외) -->
	<update id="updateSeller">
		update seller_tbl
		
		set 
		seller_bank_name=#{sellerBankName}, 
		seller_account_num=#{sellerAccountNum},
		seller_account_name=#{sellerAccountName}, 
		seller_specialty=#{sellerSpecialty}, 
		seller_description=#{sellerDescription},
		seller_nickname=#{sellerNickName}, 
		seller_contact1=#{sellerContact1}, 
		seller_contact2=#{sellerContact2}, 
		seller_buisness_yn=#{sellerBuisnessYn}
		
		where seller_num=#{sellerNum}
	</update>
	<!-- 전문가 프로필 정보 수정 -->
	<update id="updateSellerFile">
		update seller_tbl
		
		set
		seller_image=#{sellerImage}
		
		where seller_num=#{sellerNum}
	</update>
	
<!--  -->


	<!-- 전문가 프로필 상세보기 -->
	<select id="getSellerInfo" resultType="com.mycom.euum.member.bean.SellerBean">
		select member_email, member_mobile, seller_specialty, seller_nickname, seller_contact1, seller_contact2, seller_buisness_yn, seller_reg_date, seller_image
		from member_tbl m inner join seller_tbl s
		on m.member_num=s.member_num
		and m.member_grade != '0'
		and s.member_num= #{memberNum}
	</select>
	
	
	<!-- 관리자용 회원목록 조회 쿼리  아래 주석도 참고... 쿼리도 참조해주세요 -->
	<!-- getMemberList (2) 멤버 리스트만 가져오고 필요할때만 ajax 조회 후 seller_tbl 불러오기...
		select * from member_tbl where member_grade != '0'
		select * from seller_tbl where member_num = #{memberNum} -->
	<select id="getMemberList" resultType="com.mycom.euum.member.bean.SellerBean">
		select * 
		from member_tbl b left outer join seller_tbl s
		on b.member_num = s.member_num
		and member_grade != '0'
	</select>
	
	
	<!-- 회원탈퇴... 개인정보 삭제하고 member_grade 0으로 수정 -->
	<update id="secessionMember">
		update member_tbl 
		set member_name='', member_email='', member_password='', member_mobile='',
		member_grade='0', member_point='', member_zipcode='', member_address='', member_detail_address='', 
		member_modify_date=sysdate
		where member_num=#{memberNum}
	</update>
	
	<!-- 회원탈퇴시 전문가 정보 있으면 같이 처리 -->
	<update id="secessionSeller">
		update seller_tbl 
		set seller_bank_name='', seller_account_num='', seller_account_name='',
		seller_nickname='', seller_contact1='', seller_contact2='', seller_image=''
		where seller_num=#{sellerNum}
	</update>
	
</mapper>