<?xml version="1.0" encoding="UTF-8"?>
<!DOCTYPE mapper 
   PUBLIC "-//mybatis.org//DTD Mapper 3.0/EN"
   "http://mybatis.org/dtd/mybatis-3-mapper.dtd">
   
<mapper namespace="com.mycom.euum.request.mapper.RequestMapper">

	<insert id="requestInsert">	
		<![CDATA[
			insert into REQUEST_TBL(REQUEST_NUM, REQUEST_CATEGORY, REQUEST_USE, REQUEST_MONEY,
									MEMBER_NUM, REQUEST_WRITER, REQUEST_CONTENT, REQUEST_TITLE, REQUEST_FINISH, REQUEST_DEAD)
			values(REQUEST_NUM_SEQ.NEXTVAL, #{requestCategory}, #{requestUse}, #{requestMoney}, #{memberNum},
					#{requestWriter}, #{requestContent}, #{requestTitle}, #{requestFinish}, #{requestDead})
		]]>
	</insert>
	
	<select id="requestList" resultType="com.mycom.euum.request.bean.RequestBean">
		<!-- <![CDATA[
		select REQUEST_NUM, REQUEST_STATUS, REQUEST_CATEGORY, REQUEST_USE, REQUEST_TITLE, 
			   REQUEST_WRITER, REQUEST_DELETE, REQUEST_FINISH, REQUEST_DEAD 
		from (select rownum rn, REQUEST_NUM, REQUEST_STATUS, REQUEST_CATEGORY, REQUEST_USE, REQUEST_TITLE, 
			  		 REQUEST_WRITER, REQUEST_DELETE, REQUEST_FINISH, REQUEST_DEAD
		      FROM REQUEST_TBL
		      WHERE
		]]>	 
		<include refid="rqcriteria"></include>
		<![CDATA[
					rownum <=#{rqpageNum} * #{rqamount} AND REQUEST_DELETE = 'N')
		where rn>(#{rqpageNum}-1) * #{rqamount} ORDER BY REQUEST_NUM DESC
		]]>	 -->
		
		<![CDATA[
		select REQUEST_NUM, REQUEST_STATUS, REQUEST_CATEGORY, REQUEST_USE, REQUEST_TITLE, 
     				 REQUEST_WRITER, REQUEST_DELETE, REQUEST_FINISH, REQUEST_DEAD 
		FROM(select rownum rn, REQUEST_NUM, REQUEST_STATUS, REQUEST_CATEGORY, REQUEST_USE, REQUEST_TITLE, 
             REQUEST_WRITER, REQUEST_DELETE, REQUEST_FINISH, REQUEST_DEAD
			FROM(select rownum rn, REQUEST_NUM, REQUEST_STATUS, REQUEST_CATEGORY, REQUEST_USE, REQUEST_TITLE, 
		             REQUEST_WRITER, REQUEST_DELETE, REQUEST_FINISH, REQUEST_DEAD	
				FROM(select rownum rn, REQUEST_NUM, REQUEST_STATUS, REQUEST_CATEGORY, REQUEST_USE, REQUEST_TITLE, 
					  		 REQUEST_WRITER, REQUEST_DELETE, REQUEST_FINISH, REQUEST_DEAD
				      FROM REQUEST_TBL
				      WHERE REQUEST_DELETE = 'N']]> 
				     
					  <if test="requestUse !='' and requestUse!=null">
						AND REQUEST_USE=#{requestUse}
					  </if>
					  	
			<![CDATA[
			)
			 WHERE rownum <=#{rqpageNum} * #{rqamount}
			]]>
			<if test="requestCategory !='' and requestCategory!=null ">
				AND REQUEST_CATEGORY=#{requestCategory}
			</if>
			
			<![CDATA[
			)
		where rownum <=#{rqpageNum} * #{rqamount}
		]]>
		
		<if test="rqkeyword !='' and rqkeyword!=null">
		<include refid="rqcriteria"></include>
		</if>
		<![CDATA[
		)
		where rn>(#{rqpageNum}-1) * #{rqamount} ORDER BY REQUEST_NUM DESC			
		]]>
			
	</select>
	
	<select id="requestCategoryChange" resultType="com.mycom.euum.request.bean.RequestBean">
		<![CDATA[
		select REQUEST_NUM, REQUEST_STATUS, REQUEST_CATEGORY, REQUEST_USE, REQUEST_TITLE, 
			   REQUEST_WRITER, REQUEST_DELETE, REQUEST_FINISH, REQUEST_DEAD 
		from (select rownum rn, REQUEST_NUM, REQUEST_STATUS, REQUEST_CATEGORY, REQUEST_USE, REQUEST_TITLE, 
			  		 REQUEST_WRITER, REQUEST_DELETE, REQUEST_FINISH, REQUEST_DEAD
		      FROM REQUEST_TBL
		      WHERE
		]]>	 
		<include refid="rqcriteria"></include>
		<![CDATA[
					rownum <=#{rqpageNum} * #{rqamount} AND REQUEST_DELETE = 'N' AND REQUEST_CATEGORY=#{requestCategory})
		where rn>(#{rqpageNum}-1) * #{rqamount} ORDER BY REQUEST_NUM DESC
		]]>	
	</select>
	
	<select id="requestDetail" resultType="com.mycom.euum.request.bean.RequestBean">
		select REQUEST_NUM, REQUEST_CATEGORY, REQUEST_USE, REQUEST_MONEY, MEMBER_NUM,
				REQUEST_CONTENT, REQUEST_STATUS, REQUEST_TITLE, REQUEST_WRITER,
				REQUEST_FINISH, REQUEST_DEAD, REQUEST_DELETE
		from REQUEST_TBL
		where REQUEST_NUM = #{requestNum} AND REQUEST_DELETE='N'
	</select>
	
	
	<select id="requestModify" resultType="com.mycom.euum.request.bean.RequestBean">
		SELECT REQUEST_NUM, REQUEST_CATEGORY, REQUEST_USE, REQUEST_MONEY, MEMBER_NUM,
				REQUEST_CONTENT, REQUEST_STATUS, REQUEST_TITLE, REQUEST_WRITER,
				REQUEST_FINISH, REQUEST_DEAD, REQUEST_DELETE
		from REQUEST_TBL
		where REQUEST_NUM = #{requestNum}
	</select>
	
	<update id="requestModifyPro">
		UPDATE REQUEST_TBL
		SET REQUEST_CATEGORY = #{requestCategory}, 
			REQUEST_USE= #{requestUse}, 
			REQUEST_MONEY =#{requestMoney},
			REQUEST_CONTENT=#{requestContent},
			REQUEST_TITLE=#{requestTitle},
			REQUEST_FINISH=#{requestFinish},
			REQUEST_DEAD=#{requestDead}
		WHERE REQUEST_NUM=#{requestNum} AND MEMBER_NUM=#{memberNum}
			
	</update>
	
	<update id="requestDelete">
		UPDATE REQUEST_TBL
		SET REQUEST_DELETE ='Y'
		WHERE REQUEST_NUM=#{requestNum} AND MEMBER_NUM=#{memberNum}
	
	</update>
	
	<select id="getTotalCount" resultType="int">
		<![CDATA[
		select count(*) from REQUEST_TBL 
		where REQUEST_NUM>0 AND REQUEST_DELETE ='N'	
		]]>
		
		 <if test="requestUse !='' and requestUse!=null">
			AND REQUEST_USE=#{requestUse}
		 </if>
				  		
		<if test="requestCategory !='' and requestCategory!=null ">
			AND REQUEST_CATEGORY=#{requestCategory}
		</if>
		
		<if test="rqkeyword !='' and rqkeyword!=null">
		<include refid="rqcriteria"></include>
		</if>
				
	</select>
	
	<sql id="rqcriteria">
		<trim prefix="and(" suffix=")" prefixOverrides="OR">
			<foreach item='type' collection="typeArr">
				<trim prefix="OR">
					<choose>
						<when test="type == 'T'.toString()">
							REQUEST_TITLE like '%'||#{rqkeyword}||'%'
						</when>
						<when test="type == 'C'.toString()">
							REQUEST_CONTENT like '%'||#{rqkeyword}||'%'
						</when>
						<when test="type == 'W'.toString()">
							REQUEST_WRITER like '%'||#{rqkeyword}||'%'
						</when>
					</choose>
				</trim>
			</foreach>
		</trim>
	</sql>

</mapper>