<?xml version="1.0" encoding="UTF-8"?>
<!DOCTYPE mapper 
   PUBLIC "-//mybatis.org//DTD Mapper 3.0/EN"
   "http://mybatis.org/dtd/mybatis-3-mapper.dtd">
   
<mapper namespace="com.mycom.euum.comment.mapper.CommentMapper">
     
     <insert id="commentInsert" parameterType="com.mycom.euum.comment.bean.CommentBean">
        <![CDATA[ 
	     INSERT INTO COMMENT_TBL(COMMENT_NUM, MEMBER_NUM, COMMENT_WRITER,
	            				 COMMENT_CONTENT, REQUEST_NUM)
	     VALUES(COMMENT_NUM_SEQ.NEXTVAL, #{memberNum}, #{commentWriter},
	            #{commentContent}, #{requestNum})
         ]]>	
     </insert> 
     
     <select id="selectGqnaComment" resultType="com.mycom.euum.comment.bean.CommentBean">		
     <![CDATA[
		SELECT COMMENT_CONTENT 
			FROM COMMENT_TBL
			WHERE REQUEST_NUM = #{goodsQNANum}
		 ]]>		   
	  </select>
     
     <!-- <insert id="commentInsert" parameterType="com.mycom.euum.comment.bean.CommentBean">
        <![CDATA[ 
	     INSERT INTO COMMENT_TBL(COMMENT_NUM, MEMBER_NUM, COMMENT_WRITER, COMMENT_CONTENT, COMMENT_CATEGORY, REQUEST_NUM)
         VALUES(COMMENT_NUM_SEQ.NEXTVAL, #{memberNum}, #{commentWriter}, #{commentContent}, #{commentCategory}, #{requestNum})
         ]]>	
     </insert>  -->
     
     <select id="commentRead" resultType="com.mycom.euum.comment.bean.CommentBean">
     	 <![CDATA[ 
     	SELECT * FROM COMMENT_TBL 
     	WHERE COMMENT_NUM=#{commentNum}
     	 ]]>
     </select>
     
     <update id="commentDelete">
     	 <![CDATA[
     	update COMMENT_TBL
		set COMMENT_DELETE = 'Y'
		where COMMENT_NUM = #{commentNum}
		 ]]>
     </update>
     
     <update id="commentModify">
     	 <![CDATA[
     	update COMMENT_TBL
		set COMMENT_CONTENT = #{commentContent}
		where COMMENT_NUM = #{commentNum}
		 ]]>
     </update>
     
     <select id="commentList" resultType="com.mycom.euum.comment.bean.CommentBean">
     	<![CDATA[
     	SELECT REQUEST_NUM, MEMBER_NUM, COMMENT_NUM, COMMENT_WRITER, COMMENT_CONTENT, 
     		   COMMENT_REGDATE, COMMENT_DELETE
     	FROM COMMENT_TBL
     	WHERE REQUEST_NUM = #{requestNum} AND COMMENT_DELETE = 'N' ORDER BY COMMENT_NUM ASC  
     	]]>
     </select>
     
     
</mapper>   