<?xml version="1.0" encoding="UTF-8"?>
<!DOCTYPE mapper 
   PUBLIC "-//mybatis.org//DTD Mapper 3.0/EN"
   "http://mybatis.org/dtd/mybatis-3-mapper.dtd">
   
<mapper namespace="com.mycom.euum.comment.mapper.CommentMapper">
     
     <insert id="goodsCommentInsert" parameterType="com.mycom.euum.comment.bean.CommentBean">
        <![CDATA[ 
	     INSERT INTO COMMENT_TBL(COMMENT_NUM, MEMBER_NUM, COMMENT_WRITER,
	            COMMENT_CONTENT, COMMENT_CATEGORY, COMMENT_ORIGINALNUM)
	              VALUES(COMMENT_NUM_SEQ.NEXTVAL, #{memberNum}, #{commentWriter},
	                 #{commentContent}, #{commentCategory}, #{commentOriginalNum})
         ]]>	
     </insert> 
     
     <select id="selectGqnaComment" resultType="com.mycom.euum.comment.bean.CommentBean">		
     <![CDATA[
		SELECT COMMENT_CONTENT 
			FROM COMMENT_TBL
			WHERE COMMENT_ORIGINALNUM = #{goodsQNANum}
		 ]]>		   
	  </select>
     
     <insert id="commentInsert" parameterType="com.mycom.euum.comment.bean.CommentBean">
        <![CDATA[ 
	     INSERT INTO COMMENT_TBL(COMMENT_NUM, MEMBER_NUM, COMMENT_WRITER, COMMENT_CONTENT, COMMENT_CATEGORY, COMMENT_ORIGINALNUM)
         VALUES(COMMENT_NUM_SEQ.NEXTVAL, #{memberNum}, #{commentWriter}, #{commentContent}, #{commentCategory}, #{commentOriginalNum})
         ]]>	
     </insert> 
     
     <select id="commentRead" resultType="com.mycom.euum.comment.bean.CommentBean">
     	 <![CDATA[ 
     	SELECT * FROM COMMENT_TBL 
     	WHERE COMMENT_NUM=#{commentNum}
     	 ]]>
     </select>
     
     <update id="commentDelete">
     	 <![CDATA[
     	update COMMENT_TBL
		set COMMENT_DELETE = 'Y'
		where COMMENT_NUM = #{commentNum}
		 ]]>
     </update>
     
     <update id="commentModify">
     	 <![CDATA[
     	update COMMENT_TBL
		set COMMENT_CONTENT = #{commentContent}
		where COMMENT_NUM = #{commentNum}
		 ]]>
     </update>
     
     <select id="commentListPaging" resultType="com.mycom.euum.comment.bean.CommentBean">
     	<![CDATA[
     	SELECT COMMENT_ORIGINALNUM, MEMBER_NUM, C0MMENT_NUM, COMMENT_TITLE, COMMENT_WRITER, COMMENT_CONTENT, 
     		   COMMENT_REGDATE, COMMENT_DELETE, COMMENT_CATEGORY
     	FROM COMMENT_TBL
     	WHERE 	   
     	]]>
     </select>
     
     
</mapper>   