<?xml version="1.0" encoding="UTF-8"?>
<!DOCTYPE mapper 
   PUBLIC "-//mybatis.org//DTD Mapper 3.0/EN"
   "http://mybatis.org/dtd/mybatis-3-mapper.dtd">
   
<mapper namespace="com.mycom.euum.goodsQNA.mapper.GoodsQNAMapper">

   <!-- 상품문의글 리스트 -->
<!--   <select id="goodsQNAList" resultType="com.mycom.euum.goodsQNA.bean.GoodsQNABean">		
     <![CDATA[
		SELECT GOODS_QNA_NUM, MEMBER_NUM,GOODS_QNA_TITLE, GOODS_QNA_COMMENT,
		       GOODS_QNA_WRITER, GOODS_QNA_REGDATE, GOODS_QNA_CONTENT
              FROM(SELECT * FROM GOODS_QNA_TBL WHERE GOODS_QNA_DELETE='N')
	 ]]>		   
  </select> -->
  
  <!-- 상품문의글 리스트 -->
  <!-- <select id="goodsQNAList" resultType="com.mycom.euum.goodsQNA.bean.GoodsQNABean">		
     <![CDATA[
		SELECT Q.GOODS_QNA_NUM, Q.MEMBER_NUM, Q.GOODS_QNA_TITLE, Q.GOODS_QNA_COMMENT,
         Q.GOODS_QNA_WRITER, Q.GOODS_QNA_REGDATE, Q.GOODS_QNA_CONTENT, G.GOODS_NUM
            FROM GOODS_QNA_TBL Q inner join GOODS_TBL G on Q.GOODS_NUM = G.GOODS_NUM
            WHERE G.GOODS_NUM = #{goodsNum} AND GOODS_QNA_DELETE='N'
	 ]]>		   
  </select> -->
  
  <!-- 상품문의글 리스트 -->
   <!--  <select id="goodsQNAList" resultType="com.mycom.euum.goodsQNA.bean.GoodsQNABean" parameterType="map">		
     <![CDATA[
		SELECT * 
		 FROM (select rownum rn, Q.GOODS_QNA_NUM, Q.MEMBER_NUM,
		         Q.GOODS_QNA_TITLE, Q.GOODS_QNA_COMMENT,
		         Q.GOODS_QNA_WRITER, Q.GOODS_QNA_REGDATE, Q.GOODS_QNA_CONTENT, G.GOODS_NUM
		         from GOODS_QNA_TBL Q 
			inner join GOODS_TBL G 
				on Q.GOODS_NUM = G.GOODS_NUM
				  where rownum <= #{pageNum} * #{amount} and Q.GOODS_QNA_DELETE='N' and G.GOODS_NUM =#{goodsNum})
				  where rn>(#{pageNum}-1) * #{amount}
				  order by GOODS_QNA_NUM DESC
		 ]]>		   
    </select>   -->
    
  <!-- 상품문의글 리스트 이미지 조인-->
 <!--   <select id="goodsQNAList" resultMap="goodsQNA">		
     <![CDATA[
		SELECT * 
		 FROM (select rownum rn, Q.GOODS_QNA_NUM, Q.MEMBER_NUM,
		         Q.GOODS_QNA_TITLE, Q.GOODS_QNA_COMMENT,
		         Q.GOODS_QNA_WRITER, Q.GOODS_QNA_REGDATE, Q.GOODS_QNA_CONTENT, G.GOODS_NUM,
                 I.IMAGE_UPLOAD_PATH, I.IMAGE_FILE_NAME
		         from GOODS_QNA_TBL Q
			inner join GOODS_TBL G
				on Q.GOODS_NUM = G.GOODS_NUM
            inner join IMAGE_TBL I
				on Q.GOODS_QNA_NUM = I.IMAGE_USE_NUM     
				  where rownum <= #{pageNum} * #{amount} and Q.GOODS_QNA_DELETE='N' and G.GOODS_NUM = #{goodsNum}
				  and IMAGE_USE = 'goodsQNA')
				  where rn>(#{pageNum}-1) * #{amount}
				  order by GOODS_QNA_NUM DESC
		 ]]>		   
    </select>  -->
    
  <!-- 상품문의글 리스트 -->
  <select id="goodsQNAList" resultMap="goodsQNA">		
     <![CDATA[
		SELECT * 
		 FROM (select rownum rn, Q.GOODS_QNA_NUM, Q.MEMBER_NUM,
		         Q.GOODS_QNA_TITLE, Q.GOODS_QNA_COMMENT,
		         Q.GOODS_QNA_WRITER, Q.GOODS_QNA_REGDATE, Q.GOODS_QNA_CONTENT, G.GOODS_NUM
		         from GOODS_QNA_TBL Q 
			inner join GOODS_TBL G 
				on Q.GOODS_NUM = G.GOODS_NUM
				  where rownum <= #{pageNum} * #{amount} and Q.GOODS_QNA_DELETE='N' and G.GOODS_NUM =#{goodsNum})
				  where rn>(#{pageNum}-1) * #{amount}
				  order by GOODS_QNA_NUM DESC
		 ]]>		   
    </select>   

  <!-- 상품문의글 등록 -->
  <!-- <insert id="goodsQNAInsert" parameterType="com.mycom.euum.goodsQNA.bean.GoodsQNABean">
        <![CDATA[       
		INSERT INTO GOODS_QNA_TBL (GOODS_QNA_NUM, GOODS_NUM,
		       MEMBER_NUM, GOODS_QNA_WRITER, GOODS_QNA_TITLE, GOODS_QNA_CONTENT)
            VALUES (GOODS_QNA_NUM_SEQ.NEXTVAL, #{goodsNum}, #{memberNum},
                    #{goodsQNAWriter}, #{goodsQNATitle}, #{goodsQNAContent})     
        ]]>	
  </insert>  -->
  
  <!-- 상품문의글 등록 -->
  <insert id="goodsQNAInsert" parameterType="com.mycom.euum.goodsQNA.bean.GoodsQNABean">
        <selectKey keyProperty="goodsQNANum" order="BEFORE" resultType="int">
          SELECT GOODS_QNA_NUM_SEQ.NEXTVAL FROM DUAL
        </selectKey>
        <![CDATA[       
		INSERT INTO GOODS_QNA_TBL (GOODS_QNA_NUM, GOODS_NUM,
		       MEMBER_NUM, GOODS_QNA_WRITER, GOODS_QNA_TITLE, GOODS_QNA_CONTENT)
            VALUES (#{goodsQNANum}, #{goodsNum}, #{memberNum},
                    #{goodsQNAWriter}, #{goodsQNATitle}, #{goodsQNAContent})     
        ]]>	
  </insert> 
  
  <!-- 상품문의 답변-->
  <update id="insertGqnaComment" parameterType="com.mycom.euum.goodsQNA.bean.GoodsQNABean">
        <![CDATA[       
		UPDATE GOODS_QNA_TBL 
		SET GOODS_QNA_COMMENT = #{goodsQNAComment}
		WHERE GOODS_QNA_NUM = #{goodsQNANum}
        ]]>	
  </update> 
  
  <!-- 상품 문의 총개수-->
  <select id="getGoodsQNATotalCount" resultType="int">
	   <![CDATA[ 
		select count(*) from GOODS_QNA_TBL where GOODS_QNA_NUM>0
		and GOODS_NUM = #{goodsNum}
		]]>	
	</select>
	
	<!--마이페이지 상품문의 삭제-->
	<update id="deleteGQNA" parameterType="com.mycom.euum.goodsQNA.bean.GoodsQNABean">
        <![CDATA[       
		UPDATE GOODS_QNA_TBL 
		SET GOODS_QNA_DELETE = 'Y'
		WHERE GOODS_QNA_NUM = #{goodsQNANum}
        ]]>	
    </update> 
	
	<!--마이페이지 상품 문의 수정-->
	<update id="modifyGQNA" parameterType="com.mycom.euum.goodsQNA.bean.GoodsQNABean">
        <![CDATA[       
		UPDATE GOODS_QNA_TBL 
		SET GOODS_QNA_TITLE = #{goodsQNATitle},
            GOODS_QNA_CONTENT = #{goodsQNAContent}
		WHERE GOODS_QNA_NUM = #{goodsQNANum}
        ]]>	
    </update>
    
	<!--마이페이지 상품 문의 내역-->
	<!-- <select id="myGoodsQNAList" resultType="com.mycom.euum.goodsQNA.bean.GoodsQNABean"> -->
    <select id="myGoodsQNAList" resultMap="goodsQNA">		
     <![CDATA[
	 SELECT * 
        FROM (select rownum rn, Q.GOODS_QNA_NUM, M.MEMBER_NUM,
            Q.GOODS_QNA_TITLE, Q.GOODS_QNA_COMMENT, Q.GOODS_QNA_DELETE,
            Q.GOODS_QNA_WRITER, Q.GOODS_QNA_REGDATE, Q.GOODS_QNA_CONTENT, Q.GOODS_NUM
            from GOODS_QNA_TBL Q 
        inner join MEMBER_TBL M 
           on Q.MEMBER_NUM = M.MEMBER_NUM
             where rownum <= #{pageNum} * #{amount} and Q.GOODS_QNA_DELETE='N' and M.MEMBER_NUM= #{memberNum}
                and Q.GOODS_QNA_DELETE='N')
             where rn>(#{pageNum}-1) * #{amount}
             order by GOODS_QNA_NUM DESC
	  ]]>		   
    </select> 
    
    <!-- 나의문의 내역 총개수-->
    <select id="getmyGQNATotalCount" resultType="int">
	   <![CDATA[ 
		select count(*) from GOODS_QNA_TBL where GOODS_QNA_NUM>0
		and MEMBER_NUM = #{memberNum}
		]]>	
	</select> 
	
	 <!--상품문의 이미지 가져오기-->
    <select id="getSelectQimage" resultType="com.mycom.euum.image.bean.ImageBean" parameterType="int">
	   <![CDATA[ 
	    select * from image_tbl
          where IMAGE_USE_NUM = #{goodsQNANum}
          and IMAGE_USE = 'goodsQNA'
        ]]>	
	</select> 
	
	<resultMap id="goodsQNA" type="com.mycom.euum.goodsQNA.bean.GoodsQNABean">
	  <result property="goodsNum" column="GOODS_NUM"/>
	  <result property="goodsQNANum" column="GOODS_QNA_NUM"/>
	  <result property="memberNum" column="MEMBER_NUM"/>
	  <result property="goodsQNAWriter" column="GOODS_QNA_WRITER"/>
	  <result property="goodsQNATitle" column="GOODS_QNA_TITLE"/>
	  <result property="goodsQNAContent" column="GOODS_QNA_CONTENT"/>
	  <result property="goodsQNARegdate" column="GOODS_QNA_REGDATE"/>
	  <result property="goodsQNASecret" column="GOODS_QNA_SECRET"/>
	  <result property="goodsQNADelete" column="GOODS_QNA_DELETE"/>
	  <result property="goodsQNAComment" column="GOODS_QNA_COMMENT"/>	
	  <collection column="GOODS_QNA_NUM" 
                  property="imageBean" 
                  javaType="java.util.List" 
                  ofType="com.mycom.euum.image.bean.ImageBean" 
                  select="getSelectQimage">
      </collection>  
	</resultMap>
	
	

</mapper>   