<?xml version="1.0" encoding="UTF-8"?>
<!DOCTYPE mapper 
   PUBLIC "-//mybatis.org//DTD Mapper 3.0/EN"
   "http://mybatis.org/dtd/mybatis-3-mapper.dtd">
   
<mapper namespace="com.mycom.euum.review.mapper.ReviewMapper">
	
<!-- 	<select id="reviewList" resultType="com.mycom.euum.review.bean.ReviewBean">	 -->	
    <!--  <![CDATA[
		select R.REVIEW_NUM, R.REVIEW_WRITER, R.REVIEW_TITLE, R.REVIEW_REGDATE, G.GOODS_NUM, R.REVIEW_CONTENT
		from REVIEW_TBL R inner join GOODS_TBL G on R.GOODS_NUM = G.GOODS_NUM
		where G.GOODS_NUM = #{goodsNum} and R.REVIEW_DELETE = 'N' ORDER BY  REVIEW_NUM ASC	
	 ]]> -->	
	 
	 <!--  <![CDATA[
		select R.REVIEW_NUM, R.REVIEW_WRITER, R.REVIEW_TITLE, R.REVIEW_REGDATE, G.GOODS_NUM, R.REVIEW_CONTENT
		from REVIEW_TBL R inner join GOODS_TBL G on R.GOODS_NUM = G.GOODS_NUM
		where (select rownum rn,R.REVIEW_NUM, R.REVIEW_TITLE, R.REVIEW_REGDATE,
		               R.REVIEW_WRITER, R.REVIEW_HITCOUNT, R.REVIEW_DELETE, R.REVIEW_CATEGORY
		                FROM REVIEW_TBL
		                WHERE rownum <=#{pageNum} * #{amount} AND G.GOODS_NUM = #{goodsNum} AND R.REVIEW_DELETE = 'N')
		where rn>(#{pageNum}-1) * #{amount} ORDER BY  R.REVIEW_NUM ASC	
	 ]]> -->
	
	<!--  <![CDATA[
	 	select REVIEW_NUM, MEMBER_NUM, REVIEW_WRITER, REVIEW_TITLE, REVIEW_REGDATE, REVIEW_STAR, 
        GOODS_NUM, REVIEW_CONTENT, REVIEW_DELETE
		from (select rownum rn, R.REVIEW_NUM, R.REVIEW_TITLE, R.REVIEW_REGDATE, R.MEMBER_NUM, R.REVIEW_STAR,
		               R.REVIEW_WRITER, R.REVIEW_DELETE, R.REVIEW_CONTENT, G.GOODS_NUM
		                FROM REVIEW_TBL R inner join GOODS_TBL G on R.GOODS_NUM = G.GOODS_NUM
		                WHERE rownum <=#{rpageNum} * #{ramount} AND G.GOODS_NUM =#{goodsNum} AND R.REVIEW_DELETE = 'N')
		where rn>(#{rpageNum}-1) * #{ramount} ORDER BY REVIEW_NUM	DESC	
	 ]]> -->
	 	   
  <!-- </select> -->
  
  <select id="reviewList" resultMap="review">
   <![CDATA[
	 	select REVIEW_NUM, MEMBER_NUM, REVIEW_WRITER, REVIEW_TITLE, REVIEW_REGDATE, REVIEW_STAR, 
        GOODS_NUM, REVIEW_CONTENT, REVIEW_DELETE
		from (select rownum rn, R.REVIEW_NUM, R.REVIEW_TITLE, R.REVIEW_REGDATE, R.MEMBER_NUM, R.REVIEW_STAR,
		               R.REVIEW_WRITER, R.REVIEW_DELETE, R.REVIEW_CONTENT, G.GOODS_NUM
		                FROM REVIEW_TBL R inner join GOODS_TBL G on R.GOODS_NUM = G.GOODS_NUM
		                WHERE rownum <=#{rpageNum} * #{ramount} AND G.GOODS_NUM =#{goodsNum} AND R.REVIEW_DELETE = 'N')
		where rn>(#{rpageNum}-1) * #{ramount} ORDER BY REVIEW_NUM DESC	
	 ]]> 
  </select>
  

 <!--  <insert id="reviewInsert">
  	<![CDATA[
  		insert into REVIEW_TBL (REVIEW_NUM, MEMBER_NUM, REVIEW_WRITER, REVIEW_TITLE,
					REVIEW_CONTENT, GOODS_NUM, ORDER_NUM, REVIEW_STAR)
		values (REVIEW_NUM_SEQ.NEXTVAL , #{memberNum}, #{reviewWriter}, #{reviewTitle}, #{reviewContent}, #{goodsNum}, #{orderNum}, #{reviewStar})
	]]>
  </insert> -->
  
  <insert id="reviewInsert" parameterType="com.mycom.euum.review.bean.ReviewBean">
  	<selectKey keyProperty="reviewNum" order="BEFORE" resultType="int">
          SELECT REVIEW_NUM_SEQ.NEXTVAL FROM DUAL
    </selectKey>
  	<![CDATA[
  		insert into REVIEW_TBL (REVIEW_NUM, MEMBER_NUM, REVIEW_WRITER, REVIEW_TITLE,
					REVIEW_CONTENT, GOODS_NUM, ORDER_NUM, REVIEW_STAR)
		values (#{reviewNum} , #{memberNum}, #{reviewWriter}, #{reviewTitle}, #{reviewContent}, #{goodsNum}, #{orderNum}, #{reviewStar})
	]]>
  </insert>
  
  
  <select id="reviewDetail" resultType="com.mycom.euum.review.bean.ReviewBean">
  	<![CDATA[
  		SELECT REVIEW_NUM, REVIEW_WRITER, REVIEW_CONTENT, REVIEW_REGDATE, REVIEW_TITLE
  		FROM REVIEW_TBL
  		WHERE REVIEW_NUM =#{reviewNum}
  	]]>
  </select>
  
  
  
  <select id="reviewModifyForm" resultType="com.mycom.euum.review.bean.ReviewBean">
  	<![CDATA[
  		SELECT REVIEW_NUM, REVIEW_WRITER, REVIEW_CONTENT, REVIEW_REGDATE, REVIEW_TITLE, REVIEW_STAR
  		FROM REVIEW_TBL
  		WHERE REVIEW_NUM = #{reviewNum}
  	]]>
  </select>
  
  
  <update id="reviewModifyPro">
	 	<![CDATA[
	 		update REVIEW_TBL
			set REVIEW_TITLE = #{reviewTitle},
			    REVIEW_CONTENT = #{reviewContent},	
			    REVIEW_STAR =#{reviewStar}			
			where REVIEW_NUM = #{reviewNum} AND MEMBER_NUM =#{memberNum}
	 	]]>	 
	 </update>
	 
	 <update id="reviewDelete">
	 	<![CDATA[
	 		update REVIEW_TBL
			set REVIEW_DELETE = 'Y'
			where REVIEW_NUM = #{reviewNum}
	 	]]>	 
	 </update>
	 
	 
	 <select id="getTotalCount" resultType="int">
		select count(*) from REVIEW_TBL 
		where 
		REVIEW_NUM>0 AND REVIEW_DELETE ='N' AND GOODS_NUM=#{goodsNum}
	</select>
	
	<select id="myGetTotal" resultType="int">
		select count(*) from REVIEW_TBL 
		where 
		REVIEW_NUM>0 AND REVIEW_DELETE ='N'AND MEMBER_NUM=#{memberNum}
	</select>
	
	<select id="myReviewList" resultType="com.mycom.euum.review.bean.ReviewBean">	
		<![CDATA[
	 	SELECT REVIEW_NUM, REVIEW_WRITER, REVIEW_CONTENT, REVIEW_REGDATE, REVIEW_TITLE, REVIEW_STAR
  		FROM (select rownum rn,REVIEW_NUM, REVIEW_WRITER, REVIEW_CONTENT, REVIEW_REGDATE, REVIEW_TITLE, REVIEW_STAR
		      FROM REVIEW_TBL
		      WHERE rownum <=#{pageNum} * #{amount} AND MEMBER_NUM =#{memberNum} AND REVIEW_DELETE = 'N')
		where rn>(#{pageNum}-1) * #{amount} ORDER BY REVIEW_NUM	ASC	       
	 ]]>	   
  </select>
  
  <!--상품문의 이미지 가져오기-->
    <select id="getSelectRimage" resultType="com.mycom.euum.image.bean.ImageBean" parameterType="int">
	   <![CDATA[ 
	   select * from image_tbl
          where IMAGE_USE_NUM = #{reviewNum}
          and IMAGE_USE = 'review'
        ]]>	
	</select> 
  
  <resultMap id="review" type="com.mycom.euum.review.bean.ReviewBean">
	  <result property="reviewNum" column="REVIEW_NUM"/>
	  <result property="memberNum" column="MEMBER_NUM"/>
	  <result property="reviewWriter" column="REVIEW_WRITER"/>
	  <result property="reviewTitle" column="REVIEW_TITLE"/>
	  <result property="reviewContent" column="REVIEW_CONTENT"/>
	  <result property="reviewRegdate" column="GOODS_QNA_REGDATE"/>
	  <result property="reviewStar" column="REVIEW_STAR"/>
	  <result property="reviewDelete" column="REVIEW_REGDATE"/>
	  <result property="goodsNum" column="GOODS_NUM"/>
	  <result property="orderNum" column="ORDER_NUM"/>
	  <collection column="REVIEW_NUM" 
                  property="imageBean" 
                  javaType="java.util.List" 
                  ofType="com.mycom.euum.image.bean.ImageBean" 
                  select="getSelectRimage">
      </collection>  
	</resultMap>
   
  

	 
</mapper>