<?xml version="1.0" encoding="UTF-8"?>
<beans
	xmlns:context="http://www.springframework.org/schema/context"
	xmlns:p="http://www.springframework.org/schema/p"
	xmlns:xsi="http://www.w3.org/2001/XMLSchema-instance"
	xmlns="http://www.springframework.org/schema/beans"
	xmlns:mvc="http://www.springframework.org/schema/mvc"
	xmlns:aop="http://www.springframework.org/schema/aop"
	xmlns:util="http://www.springframework.org/schema/util"
	xsi:schemaLocation="http://www.springframework.org/schema/beans http://www.springframework.org/schema/beans/spring-beans-3.0.xsd
       http://www.springframework.org/schema/context http://www.springframework.org/schema/context/spring-context-3.0.xsd
       http://www.springframework.org/schema/mvc http://www.springframework.org/schema/mvc/spring-mvc.xsd
       http://www.springframework.org/schema/aop http://www.springframework.org/schema/aop/spring-aop.xsd
       http://www.springframework.org/schema/util http://www.springframework.org/schema/util/spring-util-3.0.xsd">


	<!-- 자동스캔 -->
	<!-- <context:component-scan base-package="pulu.com" use-default-filters="false"> -->
	<!-- <context:include-filter type="annotation" expression="org.springframework.stereotype.Controller"/> -->
	<!-- </context:component-scan> -->
	<context:component-scan base-package="com.mycom.euum"  use-default-filters="false">
		<context:include-filter type="annotation" expression="org.springframework.stereotype.Controller"/>
	</context:component-scan>

	<mvc:annotation-driven>
	</mvc:annotation-driven>

	<!-- <mvc:annotation-driven>
		<mvc:argument-resolvers>
			<bean class="pulu.com.common.CustomMapArgumentResolver"></bean>
		</mvc:argument-resolvers>
	</mvc:annotation-driven> -->

<!-- 	<mvc:interceptors>
		<mvc:interceptor>
			<mvc:mapping path="/**" />
			<bean
				id="loggerInterceptor"
				class="pulu.com.common.LoggerInterceptor"></bean>
		</mvc:interceptor>
	</mvc:interceptors> -->

	<!-- <aop:aspectj-autoproxy />
	<bean
		id="loggerAspect"
		class="pulu.com.common.LoggerAspect" /> -->

	<!-- <bean class="org.springframework.web.servlet.mvc.annotation.DefaultAnnotationHandlerMapping"/> -->

	<bean
		class="org.springframework.web.servlet.view.BeanNameViewResolver"
		p:order="0" />
	<bean
		id="jsonView"
		class="org.springframework.web.servlet.view.json.MappingJackson2JsonView" />


	<!-- resources 파일 안에 있는 것들 mapping -->
	<mvc:resources mapping="/resources/**" location="/resources/" />

	<bean class="org.springframework.web.servlet.view.InternalResourceViewResolver">
		<property name="prefix" value="/WEB-INF/views/" />
		<property name="suffix" value=".jsp" />
		<property name="order" value="2" />
	</bean>

	<!-- 타일즈 뷰 리졸버 선언 -->
	<bean id="viewResolver" class="org.springframework.web.servlet.view.UrlBasedViewResolver">
		<property name="viewClass">
			<value>
				org.springframework.web.servlet.view.tiles3.TilesView
			</value>
		</property>
		<property name="order" value="1" />
	</bean>

	<!-- Tiles configuration -->
	<bean id="tilesConfigurer"
		class="org.springframework.web.servlet.view.tiles3.TilesConfigurer">
		<property name="definitions">
			<list>
				<value>/WEB-INF/tiles/main_tiles.xml</value>
			</list>
		</property>
	</bean>
	
	
	
	<!-- 인터셉터 적용 -->
	<!-- <mvc:interceptors>
		<mvc:interceptor>
			<mvc:mapping path="/loginForm.pulu"></mvc:mapping>
			<bean id="loginIntreceptor"
				class="pulu.com.interceptor.LoginInterceptor"></bean>
		</mvc:interceptor>
		<mvc:interceptor>
			<mvc:mapping path="/admin**.pulu"></mvc:mapping>
			<bean id="AdminIntreceptor"
				class="pulu.com.interceptor.AdminInterceptor"></bean>
		</mvc:interceptor>
		<mvc:interceptor>
			<mvc:mapping path="/my**.pulu"></mvc:mapping>
			<bean id="MyPageIntreceptor"
				class="pulu.com.interceptor.MyPageInterceptor"></bean>
		</mvc:interceptor>
		<mvc:interceptor>
			<mvc:mapping path="/basket**.pulu"></mvc:mapping>
			<bean id="BasketIntreceptor"
				class="pulu.com.interceptor.BasketInterceptor"></bean>
		</mvc:interceptor>
		<mvc:interceptor>
			<mvc:mapping path="/order**.pulu"></mvc:mapping>
			<bean id="OrderInterceptor" 
				class="pulu.com.interceptor.OrderInterceptor"></bean>
		</mvc:interceptor>
	</mvc:interceptors> -->


</beans>