<?xml version="1.0" encoding="UTF-8"?>
<!DOCTYPE mapper 
   PUBLIC "-//mybatis.org//DTD Mapper 3.0/EN"
   "http://mybatis.org/dtd/mybatis-3-mapper.dtd">
   
<mapper namespace="com.mycom.euum.notice.mapper.NoticeMapper">

  <select id="noticeList" resultType="com.mycom.euum.notice.bean.NoticeBean">		
 
   <!--   <![CDATA[
		select NOTICE_NUM, NOTICE_TITLE, NOTICE_REGDATE,
			   NOTICE_WRITER, NOTICE_HITCOUNT, NOTICE_DELETE, NOTICE_CATEGORY
			   from NOTICE_TBL
			   where NOTICE_DELETE = 'N' ORDER BY  NOTICE_NUM DESC
	]]>		 -->   
	<![CDATA[
		select NOTICE_NUM, NOTICE_TITLE, NOTICE_REGDATE,
		NOTICE_WRITER, NOTICE_HITCOUNT, NOTICE_DELETE, NOTICE_CATEGORY
		from (select rownum rn, NOTICE_NUM, NOTICE_TITLE, NOTICE_REGDATE,
		                NOTICE_WRITER, NOTICE_HITCOUNT, NOTICE_DELETE, NOTICE_CATEGORY
		                FROM NOTICE_TBL
		                WHERE 
     ]]>	
     <include refid="criteria"></include>
     <![CDATA[
     					rownum <=#{pageNum} * #{amount} AND NOTICE_CATEGORY=1 AND NOTICE_DELETE = 'N')
		where rn>(#{pageNum}-1) * #{amount} ORDER BY NOTICE_NUM DESC
	]]>	
<!-- 	<![CDATA[
		select NOTICE_NUM, NOTICE_TITLE, NOTICE_REGDATE,
		NOTICE_WRITER, NOTICE_HITCOUNT, NOTICE_DELETE, NOTICE_CATEGORY
		from (select rownum rn, NOTICE_NUM, NOTICE_TITLE, NOTICE_REGDATE,
		                NOTICE_WRITER, NOTICE_HITCOUNT, NOTICE_DELETE, NOTICE_CATEGORY
		                FROM NOTICE_TBL
		                WHERE 
     ]]>	
     <include refid="criteria"></include>
     <![CDATA[
     					rownum <=#{pageNum} * #{amount})
		where rn>(#{pageNum}-1) * #{amount} AND  NOTICE_DELETE = 'N' ORDER BY  NOTICE_NUM DESC
	]]>	 -->
	
	<!-- <![CDATA[
		select NOTICE_NUM, NOTICE_TITLE, NOTICE_REGDATE,
		NOTICE_WRITER, NOTICE_HITCOUNT, NOTICE_DELETE, NOTICE_CATEGORY
		from (select rownum rn, NOTICE_NUM, NOTICE_TITLE, NOTICE_REGDATE,
		                NOTICE_WRITER, NOTICE_HITCOUNT, NOTICE_DELETE, NOTICE_CATEGORY
		                FROM NOTICE_TBL
		                WHERE 
     ]]>	
     <include refid="criteria"></include>
     <![CDATA[
     					rownum <=#{pageNum} * #{amount})
		where rn>(#{pageNum}-1) * #{amount} AND NOTICE_CATEGORY=1 AND NOTICE_DELETE = 'N' ORDER BY  NOTICE_NUM DESC
	]]>	 -->
	
	<!-- <![CDATA[
		select NOTICE_NUM, NOTICE_TITLE, NOTICE_REGDATE,
		NOTICE_WRITER, NOTICE_HITCOUNT, NOTICE_DELETE, NOTICE_CATEGORY
		from(select rownum rn, NOTICE_NUM, NOTICE_TITLE, NOTICE_REGDATE,
		                NOTICE_WRITER, NOTICE_HITCOUNT, NOTICE_DELETE, NOTICE_CATEGORY
		                FROM NOTICE_TBL
		                WHERE ROWNUM <=10 AND NOTICE_CATEGORY=#{noticeCategory} AND NOTICE_DELETE = 'N')
		where RN>0 ORDER BY  NOTICE_NUM DESC
	]]> --> 		   
  </select>
  
	  <select id="FAQList" resultType="com.mycom.euum.notice.bean.NoticeBean">		
 
     <![CDATA[
		select NOTICE_NUM, NOTICE_TITLE, NOTICE_REGDATE,
			   NOTICE_WRITER, NOTICE_HITCOUNT, NOTICE_DELETE, NOTICE_CATEGORY
			   from NOTICE_TBL
			   where NOTICE_DELETE = 'N' ORDER BY  NOTICE_NUM DESC
	]]>	
	</select>	     
  
    <select id="category" resultType="com.mycom.euum.notice.bean.NoticeBean">
	  	<![CDATA[
	  		select NOTICE_CATEGORY
			FROM NOTICE_TBL
		]]>
	</select>	
	
	<!-- <insert id="noticeInsert" >
		<![CDATA[
		insert into NOTICE_TBL (NOTICE_NUM, NOTICE_TITLE,
					NOTICE_CONTENT, NOTICE_WRITER, NOTICE_CATEGORY)
		values ( NOTICE_NUM_SEQ.NEXTVAL , #{noticeTitle}, #{noticeContent}, 
				#{noticeWriter}, #{noticeCategory})
		]]>
	</insert> -->
	
	<insert id="noticeInsert" parameterType="com.mycom.euum.notice.bean.NoticeBean">
	<selectKey keyProperty="noticeNum" keyColumn="noticeNum" order="BEFORE" resultType="int">
			SELECT NOTICE_NUM_SEQ.NEXTVAL FROM DUAL
	 </selectKey>
		<![CDATA[
		insert into NOTICE_TBL (NOTICE_NUM, NOTICE_TITLE,
					NOTICE_CONTENT, NOTICE_WRITER, NOTICE_CATEGORY)
		values ( #{noticeNum} , #{noticeTitle}, #{noticeContent}, 
				#{noticeWriter}, #{noticeCategory})
		]]>
	</insert>
	
	
	 <select id="noticeDetail" resultType="com.mycom.euum.notice.bean.NoticeBean">
	 	<![CDATA[
	 	select NOTICE_NUM, NOTICE_WRITER, NOTICE_CONTENT, NOTICE_REGDATE, NOTICE_TITLE
		from NOTICE_TBL
		where NOTICE_NUM = #{noticeNum}
		]]>
	 </select>
	 
	 <select id="noticeModify" resultType="com.mycom.euum.notice.bean.NoticeBean">
	 	<![CDATA[
	 	select NOTICE_NUM, NOTICE_TITLE, NOTICE_WRITER, NOTICE_DELETE, NOTICE_CATEGORY, NOTICE_CONTENT
		from NOTICE_TBL
		where NOTICE_NUM = #{noticeNum}
		and NOTICE_DELETE = 'N'
		]]>
	 </select>
	 
	 <update id="noticeModifyPro">
	 	<![CDATA[
	 		update NOTICE_TBL
			set NOTICE_TITLE = #{noticeTitle},
			    NOTICE_CONTENT = #{noticeContent},
			    NOTICE_CATEGORY = #{noticeCategory}
			where NOTICE_NUM = #{noticeNum}
	 	]]>	 
	 </update>
	 
	 <update id="noticeDelete">
	 	<![CDATA[
	 		update NOTICE_TBL
			set NOTICE_DELETE = 'Y'
			where NOTICE_NUM = #{noticeNum}
	 	]]>	 
	 </update>
	 
	 <select id="getTotalCount" resultType="int">
		select count(*) from NOTICE_TBL 
		where 
		<include refid="criteria"></include>
		NOTICE_NUM>0 AND NOTICE_CATEGORY=1 AND NOTICE_DELETE ='N'
	</select>
	
	<sql id="criteria">
		<trim prefix="(" suffix=") AND " prefixOverrides="OR">
			<foreach item='type' collection="typeArr">
				<trim prefix="OR">
					<choose>
						<when test="type == 'T'.toString()">
							NOTICE_TITLE like '%'||#{keyword}||'%'
						</when>
						<when test="type == 'C'.toString()">
							NOTICE_CONTENT like '%'||#{keyword}||'%'
						</when>
						<when test="type == 'W'.toString()">
							NOTICE_WRITER like '%'||#{keyword}||'%'
						</when>
					</choose>
				</trim>
			</foreach>
		</trim>
	</sql>
	
</mapper>