<?xml version="1.0" encoding="UTF-8"?>
<beans xmlns="http://www.springframework.org/schema/beans"
	xmlns:xsi="http://www.w3.org/2001/XMLSchema-instance"
	xmlns:context="http://www.springframework.org/schema/context"
	xmlns:mybatis-spring="http://mybatis.org/schema/mybatis-spring"
	xsi:schemaLocation="http://mybatis.org/schema/mybatis-spring http://mybatis.org/schema/mybatis-spring-1.2.xsd
		http://www.springframework.org/schema/beans http://www.springframework.org/schema/beans/spring-beans.xsd
		http://www.springframework.org/schema/context http://www.springframework.org/schema/context/spring-context.xsd">

	<!-- <bean id="sqlSession" class="org.mybatis.spring.SqlSessionFactoryBean">
		<property name="dataSource" ref="dataSource" />
		<property name="mapperLocations" value="classpath:/mapper/*_SQL.xml" />
	</bean> -->
	
	<bean id="sqlSessionTemplate" class="org.mybatis.spring.SqlSessionTemplate">
        <constructor-arg index="0" ref="sqlSession"/>
    </bean>  
    
    <!-- Mybatis 사용을 위한 SQLSessionFactory 연동 -->
	<!-- SQLSession 을 만들어내는 존재... -->
	<bean id="sqlSession"
		class="org.mybatis.spring.SqlSessionFactoryBean">
		<property name="dataSource" ref="dataSource" />
		<property name="mapperLocations" value="classpath*:mapper/*/*_SQL.xml" />
		<property name="configLocation" value="classPath:config/mybatis-config.xml"></property>
	</bean>
	
	<!-- mapper 자동 스캔 -->
	<mybatis-spring:scan base-package="com.mycom.euum.*.mapper"/>
	<mybatis-spring:scan base-package="com.mycom.euum.**.mapper"/>
	
	
	
	
	
</beans>